범위,이벤트,모델,τ,변수,β,SE,p,n,유효n,BW,방법,p_bh,sig_bh
전체합산,전체,SP500+GPR+IA,0.01,SP500_z,0.02404,0.0041,0.0,1827,18.3,7,HAC+IA(bw=7),0.0,True
전체합산,전체,SP500+GPR+IA,0.01,GPR_custom_z,-0.02112,0.00905,0.0197,1827,18.3,7,HAC+IA(bw=7),0.09193333333333333,False
전체합산,전체,SP500+GPR+IA,0.01,SP500_x_GPR,0.01032,0.00385,0.0074,1827,18.3,7,HAC+IA(bw=7),0.043166666666666666,True
전체합산,전체,SP500+GPR+IA,0.025,SP500_z,0.01817,0.0024,0.0,1827,45.7,7,HAC+IA(bw=7),0.0,True
전체합산,전체,SP500+GPR+IA,0.025,GPR_custom_z,-0.00281,0.0048,0.5578,1827,45.7,7,HAC+IA(bw=7),0.8297957746478873,False
전체합산,전체,SP500+GPR+IA,0.025,SP500_x_GPR,0.00711,0.00245,0.0038,1827,45.7,7,HAC+IA(bw=7),0.0249375,True
전체합산,전체,SP500+GPR+IA,0.05,SP500_z,0.01623,0.00181,0.0,1827,91.4,7,HAC+IA(bw=7),0.0,True
전체합산,전체,SP500+GPR+IA,0.05,GPR_custom_z,-0.00117,0.0036,0.7445,1827,91.4,7,HAC+IA(bw=7),0.9116326530612244,False
전체합산,전체,SP500+GPR+IA,0.05,SP500_x_GPR,0.00483,0.00231,0.0367,1827,91.4,7,HAC+IA(bw=7),0.1468,False
전체합산,전체,SP500+GPR+IA,0.1,SP500_z,0.01576,0.00158,0.0,1827,182.7,7,HAC+IA(bw=7),0.0,True
전체합산,전체,SP500+GPR+IA,0.1,GPR_custom_z,-3e-05,0.00263,0.9908,1827,182.7,7,HAC+IA(bw=7),0.9918,False
전체합산,전체,SP500+GPR+IA,0.1,SP500_x_GPR,0.0013,0.00253,0.6091,1827,182.7,7,HAC+IA(bw=7),0.851704918032787,False
전체합산,전체,SP500+GPR+IA,0.2,SP500_z,0.01275,0.00143,0.0,1827,365.4,7,HAC+IA(bw=7),0.0,True
전체합산,전체,SP500+GPR+IA,0.2,GPR_custom_z,0.00068,0.00168,0.685,1827,365.4,7,HAC+IA(bw=7),0.8935727554179568,False
전체합산,전체,SP500+GPR+IA,0.2,SP500_x_GPR,0.00042,0.0029,0.8853,1827,365.4,7,HAC+IA(bw=7),0.9719536082474227,False
전체합산,전체,SP500+GPR+IA,0.25,SP500_z,0.01165,0.00143,0.0,1827,456.8,7,HAC+IA(bw=7),0.0,True
전체합산,전체,SP500+GPR+IA,0.25,GPR_custom_z,-0.00019,0.00155,0.9012,1827,456.8,7,HAC+IA(bw=7),0.9730179948586118,False
전체합산,전체,SP500+GPR+IA,0.25,SP500_x_GPR,0.00104,0.00292,0.7221,1827,456.8,7,HAC+IA(bw=7),0.9064792899408285,False
전체합산,전체,SP500+GPR+IA,0.5,SP500_z,0.01088,0.0016,0.0,1827,913.5,7,HAC+IA(bw=7),0.0,True
전체합산,전체,SP500+GPR+IA,0.5,GPR_custom_z,0.00065,0.00095,0.4902,1827,913.5,7,HAC+IA(bw=7),0.7811070110701107,False
전체합산,전체,SP500+GPR+IA,0.5,SP500_x_GPR,0.00019,0.00317,0.9529,1827,913.5,7,HAC+IA(bw=7),0.9794523227383863,False
전체합산,전체,SP500+GPR+IA,0.75,SP500_z,0.0099,0.00196,0.0,1827,1370.2,7,HAC+IA(bw=7),0.0,True
전체합산,전체,SP500+GPR+IA,0.75,GPR_custom_z,0.00095,0.0012,0.4315,1827,1370.2,7,HAC+IA(bw=7),0.724,False
전체합산,전체,SP500+GPR+IA,0.75,SP500_x_GPR,-0.00113,0.00358,0.7517,1827,1370.2,7,HAC+IA(bw=7),0.9138328530259366,False
전체합산,전체,SP500+GPR+IA,0.9,SP500_z,0.00857,0.00226,0.0002,1827,1644.3,7,HAC+IA(bw=7),0.002048780487804878,True
전체합산,전체,SP500+GPR+IA,0.9,GPR_custom_z,0.00268,0.00248,0.2806,1827,1644.3,7,HAC+IA(bw=7),0.566,False
전체합산,전체,SP500+GPR+IA,0.9,SP500_x_GPR,0.0007,0.00366,0.8476,1827,1644.3,7,HAC+IA(bw=7),0.9498031914893617,False
전체합산,전체,SP500+GPR+IA,0.95,SP500_z,0.00995,0.00264,0.0002,1827,1735.6,7,HAC+IA(bw=7),0.002048780487804878,True
전체합산,전체,SP500+GPR+IA,0.95,GPR_custom_z,0.00134,0.00344,0.6961,1827,1735.6,7,HAC+IA(bw=7),0.8995753846153847,False
전체합산,전체,SP500+GPR+IA,0.95,SP500_x_GPR,-0.00223,0.00413,0.5894,1827,1735.6,7,HAC+IA(bw=7),0.851704918032787,False
전체합산,전체,Gold+GPR+IA,0.01,Gold_z,0.01682,0.00431,0.0001,1827,18.3,7,HAC+IA(bw=7),0.0012000000000000001,True
전체합산,전체,Gold+GPR+IA,0.01,GPR_custom_z,-0.02487,0.01023,0.0151,1827,18.3,7,HAC+IA(bw=7),0.07640963855421687,False
전체합산,전체,Gold+GPR+IA,0.01,Gold_x_GPR,0.01961,0.00754,0.0094,1827,18.3,7,HAC+IA(bw=7),0.051272727272727275,False
전체합산,전체,Gold+GPR+IA,0.025,Gold_z,0.01138,0.00257,0.0,1827,45.7,7,HAC+IA(bw=7),0.0,True
전체합산,전체,Gold+GPR+IA,0.025,GPR_custom_z,-0.00885,0.00579,0.1263,1827,45.7,7,HAC+IA(bw=7),0.33362264150943394,False
전체합산,전체,Gold+GPR+IA,0.025,Gold_x_GPR,0.00871,0.00394,0.0273,1827,45.7,7,HAC+IA(bw=7),0.11863917525773197,False
전체합산,전체,Gold+GPR+IA,0.05,Gold_z,0.0057,0.00177,0.0013,1827,91.4,7,HAC+IA(bw=7),0.010705882352941174,True
전체합산,전체,Gold+GPR+IA,0.05,GPR_custom_z,-0.00229,0.00393,0.5599,1827,91.4,7,HAC+IA(bw=7),0.8297957746478873,False
전체합산,전체,Gold+GPR+IA,0.05,Gold_x_GPR,0.00369,0.00226,0.103,1827,91.4,7,HAC+IA(bw=7),0.2963013698630137,False
전체합산,전체,Gold+GPR+IA,0.1,Gold_z,0.00396,0.0014,0.0047,1827,182.7,7,HAC+IA(bw=7),0.02946268656716418,True
전체합산,전체,Gold+GPR+IA,0.1,GPR_custom_z,0.00074,0.00262,0.7768,1827,182.7,7,HAC+IA(bw=7),0.919030985915493,False
전체합산,전체,Gold+GPR+IA,0.1,Gold_x_GPR,-0.00169,0.00146,0.2474,1827,182.7,7,HAC+IA(bw=7),0.5221507537688442,False
전체합산,전체,Gold+GPR+IA,0.2,Gold_z,0.00354,0.0012,0.0033,1827,365.4,7,HAC+IA(bw=7),0.0231,True
전체합산,전체,Gold+GPR+IA,0.2,GPR_custom_z,0.00047,0.00179,0.7946,1827,365.4,7,HAC+IA(bw=7),0.9245801104972377,False
전체합산,전체,Gold+GPR+IA,0.2,Gold_x_GPR,0.00036,0.00131,0.7832,1827,365.4,7,HAC+IA(bw=7),0.9214117647058824,False
전체합산,전체,Gold+GPR+IA,0.25,Gold_z,0.00255,0.00116,0.0277,1827,456.8,7,HAC+IA(bw=7),0.11871428571428572,False
전체합산,전체,Gold+GPR+IA,0.25,GPR_custom_z,0.00023,0.00155,0.8827,1827,456.8,7,HAC+IA(bw=7),0.9719536082474227,False
전체합산,전체,Gold+GPR+IA,0.25,Gold_x_GPR,0.00054,0.00125,0.6684,1827,456.8,7,HAC+IA(bw=7),0.8827924528301887,False
전체합산,전체,Gold+GPR+IA,0.5,Gold_z,0.00367,0.0011,0.0009,1827,913.5,7,HAC+IA(bw=7),0.008217391304347826,True
전체합산,전체,Gold+GPR+IA,0.5,GPR_custom_z,0.00061,0.001,0.5393,1827,913.5,7,HAC+IA(bw=7),0.8158273381294965,False
전체합산,전체,Gold+GPR+IA,0.5,Gold_x_GPR,0.00011,0.0012,0.9277,1827,913.5,7,HAC+IA(bw=7),0.9731732673267327,False
전체합산,전체,Gold+GPR+IA,0.75,Gold_z,0.00376,0.00117,0.0013,1827,1370.2,7,HAC+IA(bw=7),0.010705882352941174,True
전체합산,전체,Gold+GPR+IA,0.75,GPR_custom_z,0.00145,0.0013,0.2647,1827,1370.2,7,HAC+IA(bw=7),0.5455902439024389,False
전체합산,전체,Gold+GPR+IA,0.75,Gold_x_GPR,-0.00063,0.00129,0.6271,1827,1370.2,7,HAC+IA(bw=7),0.8607254901960785,False
전체합산,전체,Gold+GPR+IA,0.9,Gold_z,0.00102,0.00154,0.5098,1827,1644.3,7,HAC+IA(bw=7),0.7856923076923078,False
전체합산,전체,Gold+GPR+IA,0.9,GPR_custom_z,0.00343,0.00274,0.212,1827,1644.3,7,HAC+IA(bw=7),0.4685625,False
전체합산,전체,Gold+GPR+IA,0.9,Gold_x_GPR,-0.00201,0.00187,0.2822,1827,1644.3,7,HAC+IA(bw=7),0.566,False
전체합산,전체,Gold+GPR+IA,0.95,Gold_z,0.00409,0.00182,0.0247,1827,1735.6,7,HAC+IA(bw=7),0.1127608695652174,False
전체합산,전체,Gold+GPR+IA,0.95,GPR_custom_z,0.00116,0.00362,0.7482,1827,1735.6,7,HAC+IA(bw=7),0.9134999999999999,False
전체합산,전체,Gold+GPR+IA,0.95,Gold_x_GPR,-0.00324,0.00212,0.1263,1827,1735.6,7,HAC+IA(bw=7),0.33362264150943394,False
이벤트별,호르무즈 위기,SP500+GPR+IA,0.01,SP500_z,-0.00018,0.0179,0.9918,182,1.8,4,HAC+IA(bw=4),0.9918,False
이벤트별,호르무즈 위기,SP500+GPR+IA,0.01,GPR_custom_z,-0.06392,0.03718,0.0873,182,1.8,4,HAC+IA(bw=4),0.26569565217391306,False
이벤트별,호르무즈 위기,SP500+GPR+IA,0.01,SP500_x_GPR,-0.02267,0.02816,0.4218,182,1.8,4,HAC+IA(bw=4),0.7114698795180723,False
이벤트별,호르무즈 위기,SP500+GPR+IA,0.025,SP500_z,-0.02591,0.01297,0.0472,182,4.5,4,HAC+IA(bw=4),0.1748793103448276,False
이벤트별,호르무즈 위기,SP500+GPR+IA,0.025,GPR_custom_z,-0.05053,0.0296,0.0895,182,4.5,4,HAC+IA(bw=4),0.26849999999999996,False
이벤트별,호르무즈 위기,SP500+GPR+IA,0.025,SP500_x_GPR,-0.04279,0.02152,0.0483,182,4.5,4,HAC+IA(bw=4),0.1748793103448276,False
이벤트별,호르무즈 위기,SP500+GPR+IA,0.05,SP500_z,-0.01156,0.01009,0.2535,182,9.1,4,HAC+IA(bw=4),0.5297014925373135,False
이벤트별,호르무즈 위기,SP500+GPR+IA,0.05,GPR_custom_z,-0.02234,0.01813,0.2194,182,9.1,4,HAC+IA(bw=4),0.4774507772020726,False
이벤트별,호르무즈 위기,SP500+GPR+IA,0.05,SP500_x_GPR,-0.02876,0.01474,0.0526,182,9.1,4,HAC+IA(bw=4),0.18564705882352942,False
이벤트별,호르무즈 위기,SP500+GPR+IA,0.1,SP500_z,-0.00174,0.00919,0.8503,182,18.2,4,HAC+IA(bw=4),0.9498031914893617,False
이벤트별,호르무즈 위기,SP500+GPR+IA,0.1,GPR_custom_z,-0.01148,0.01167,0.3266,182,18.2,4,HAC+IA(bw=4),0.6110442477876107,False
이벤트별,호르무즈 위기,SP500+GPR+IA,0.1,SP500_x_GPR,-0.01487,0.01334,0.2663,182,18.2,4,HAC+IA(bw=4),0.5455902439024389,False
이벤트별,호르무즈 위기,SP500+GPR+IA,0.2,SP500_z,-0.00235,0.00782,0.764,182,36.4,4,HAC+IA(bw=4),0.9141880341880342,False
이벤트별,호르무즈 위기,SP500+GPR+IA,0.2,GPR_custom_z,-0.00521,0.0074,0.4827,182,36.4,4,HAC+IA(bw=4),0.7797461538461539,False
이벤트별,호르무즈 위기,SP500+GPR+IA,0.2,SP500_x_GPR,-0.01229,0.01159,0.2902,182,36.4,4,HAC+IA(bw=4),0.5776492890995261,False
이벤트별,호르무즈 위기,SP500+GPR+IA,0.25,SP500_z,-0.00148,0.00781,0.8502,182,45.5,4,HAC+IA(bw=4),0.9498031914893617,False
이벤트별,호르무즈 위기,SP500+GPR+IA,0.25,GPR_custom_z,-0.00211,0.00599,0.7257,182,45.5,4,HAC+IA(bw=4),0.9064792899408285,False
이벤트별,호르무즈 위기,SP500+GPR+IA,0.25,SP500_x_GPR,-0.00926,0.0118,0.4337,182,45.5,4,HAC+IA(bw=4),0.724,False
이벤트별,호르무즈 위기,SP500+GPR+IA,0.5,SP500_z,-0.01079,0.00561,0.0559,182,91.0,4,HAC+IA(bw=4),0.18933870967741934,False
이벤트별,호르무즈 위기,SP500+GPR+IA,0.5,GPR_custom_z,0.00779,0.00382,0.0428,182,91.0,4,HAC+IA(bw=4),0.16341818181818182,False
이벤트별,호르무즈 위기,SP500+GPR+IA,0.5,SP500_x_GPR,-0.01625,0.00745,0.0305,182,91.0,4,HAC+IA(bw=4),0.1293939393939394,False
이벤트별,호르무즈 위기,SP500+GPR+IA,0.75,SP500_z,-0.0126,0.00518,0.016,182,136.5,4,HAC+IA(bw=4),0.07905882352941176,False
이벤트별,호르무즈 위기,SP500+GPR+IA,0.75,GPR_custom_z,0.01614,0.00608,0.0087,182,136.5,4,HAC+IA(bw=4),0.04872,True
이벤트별,호르무즈 위기,SP500+GPR+IA,0.75,SP500_x_GPR,-0.01932,0.00651,0.0034,182,136.5,4,HAC+IA(bw=4),0.02340983606557377,True
이벤트별,호르무즈 위기,SP500+GPR+IA,0.9,SP500_z,-0.02226,0.00713,0.0021,182,163.8,4,HAC+IA(bw=4),0.016036363636363633,True
이벤트별,호르무즈 위기,SP500+GPR+IA,0.9,GPR_custom_z,0.0249,0.01149,0.0315,182,163.8,4,HAC+IA(bw=4),0.1323,False
이벤트별,호르무즈 위기,SP500+GPR+IA,0.9,SP500_x_GPR,-0.0172,0.00869,0.0493,182,163.8,4,HAC+IA(bw=4),0.17547457627118643,False
이벤트별,호르무즈 위기,SP500+GPR+IA,0.95,SP500_z,-0.02711,0.00926,0.0039,182,172.9,4,HAC+IA(bw=4),0.0252,True
이벤트별,호르무즈 위기,SP500+GPR+IA,0.95,GPR_custom_z,0.02068,0.01299,0.1131,182,172.9,4,HAC+IA(bw=4),0.3125131578947369,False
이벤트별,호르무즈 위기,SP500+GPR+IA,0.95,SP500_x_GPR,-0.01101,0.0109,0.3141,182,172.9,4,HAC+IA(bw=4),0.6023835616438356,False
이벤트별,호르무즈 위기,Gold+GPR+IA,0.01,Gold_z,0.01451,0.01299,0.2653,182,1.8,4,HAC+IA(bw=4),0.5455902439024389,False
이벤트별,호르무즈 위기,Gold+GPR+IA,0.01,GPR_custom_z,-0.04078,0.02711,0.1342,182,1.8,4,HAC+IA(bw=4),0.33954216867469883,False
이벤트별,호르무즈 위기,Gold+GPR+IA,0.01,Gold_x_GPR,0.02416,0.01073,0.0256,182,1.8,4,HAC+IA(bw=4),0.11561290322580646,False
이벤트별,호르무즈 위기,Gold+GPR+IA,0.025,Gold_z,0.03452,0.00974,0.0005,182,4.5,4,HAC+IA(bw=4),0.005,True
이벤트별,호르무즈 위기,Gold+GPR+IA,0.025,GPR_custom_z,-0.0326,0.02167,0.1342,182,4.5,4,HAC+IA(bw=4),0.33954216867469883,False
이벤트별,호르무즈 위기,Gold+GPR+IA,0.025,Gold_x_GPR,0.01118,0.0085,0.1899,182,4.5,4,HAC+IA(bw=4),0.44557541899441344,False
이벤트별,호르무즈 위기,Gold+GPR+IA,0.05,Gold_z,0.01403,0.00823,0.0902,182,9.1,4,HAC+IA(bw=4),0.2686808510638298,False
이벤트별,호르무즈 위기,Gold+GPR+IA,0.05,GPR_custom_z,-0.01352,0.01357,0.3205,182,9.1,4,HAC+IA(bw=4),0.6063513513513514,False
이벤트별,호르무즈 위기,Gold+GPR+IA,0.05,Gold_x_GPR,0.0091,0.00523,0.0837,182,9.1,4,HAC+IA(bw=4),0.25848529411764704,False
이벤트별,호르무즈 위기,Gold+GPR+IA,0.1,Gold_z,0.01389,0.00724,0.0565,182,18.2,4,HAC+IA(bw=4),0.18984,False
이벤트별,호르무즈 위기,Gold+GPR+IA,0.1,GPR_custom_z,-0.01066,0.01109,0.3375,182,18.2,4,HAC+IA(bw=4),0.6160588235294118,False
이벤트별,호르무즈 위기,Gold+GPR+IA,0.1,Gold_x_GPR,0.00658,0.00421,0.12,182,18.2,4,HAC+IA(bw=4),0.32711538461538464,False
이벤트별,호르무즈 위기,Gold+GPR+IA,0.2,Gold_z,0.01246,0.00625,0.0477,182,36.4,4,HAC+IA(bw=4),0.1748793103448276,False
이벤트별,호르무즈 위기,Gold+GPR+IA,0.2,GPR_custom_z,-0.00594,0.00716,0.4076,182,36.4,4,HAC+IA(bw=4),0.702295081967213,False
이벤트별,호르무즈 위기,Gold+GPR+IA,0.2,Gold_x_GPR,0.00281,0.00294,0.3411,182,36.4,4,HAC+IA(bw=4),0.6160588235294118,False
이벤트별,호르무즈 위기,Gold+GPR+IA,0.25,Gold_z,0.00994,0.00638,0.1213,182,45.5,4,HAC+IA(bw=4),0.32711538461538464,False
이벤트별,호르무즈 위기,Gold+GPR+IA,0.25,GPR_custom_z,-0.00309,0.00588,0.5997,182,45.5,4,HAC+IA(bw=4),0.851704918032787,False
이벤트별,호르무즈 위기,Gold+GPR+IA,0.25,Gold_x_GPR,0.00201,0.00281,0.4765,182,45.5,4,HAC+IA(bw=4),0.778715953307393,False
이벤트별,호르무즈 위기,Gold+GPR+IA,0.5,Gold_z,0.00838,0.00658,0.2042,182,91.0,4,HAC+IA(bw=4),0.4610967741935484,False
이벤트별,호르무즈 위기,Gold+GPR+IA,0.5,GPR_custom_z,0.00131,0.00399,0.7431,182,91.0,4,HAC+IA(bw=4),0.9116326530612244,False
이벤트별,호르무즈 위기,Gold+GPR+IA,0.5,Gold_x_GPR,-0.00085,0.00305,0.7822,182,91.0,4,HAC+IA(bw=4),0.9214117647058824,False
이벤트별,호르무즈 위기,Gold+GPR+IA,0.75,Gold_z,0.01202,0.00721,0.0974,182,136.5,4,HAC+IA(bw=4),0.2880845070422535,False
이벤트별,호르무즈 위기,Gold+GPR+IA,0.75,GPR_custom_z,0.0141,0.00583,0.0166,182,136.5,4,HAC+IA(bw=4),0.0806590909090909,False
이벤트별,호르무즈 위기,Gold+GPR+IA,0.75,Gold_x_GPR,0.00156,0.00733,0.8315,182,136.5,4,HAC+IA(bw=4),0.9489945652173913,False
이벤트별,호르무즈 위기,Gold+GPR+IA,0.9,Gold_z,0.02923,0.00973,0.003,182,163.8,4,HAC+IA(bw=4),0.021724137931034483,True
이벤트별,호르무즈 위기,Gold+GPR+IA,0.9,GPR_custom_z,0.01912,0.01098,0.0832,182,163.8,4,HAC+IA(bw=4),0.25848529411764704,False
이벤트별,호르무즈 위기,Gold+GPR+IA,0.9,Gold_x_GPR,-0.00462,0.01138,0.6855,182,163.8,4,HAC+IA(bw=4),0.8935727554179568,False
이벤트별,호르무즈 위기,Gold+GPR+IA,0.95,Gold_z,0.03369,0.0125,0.0077,182,172.9,4,HAC+IA(bw=4),0.044301369863013695,True
이벤트별,호르무즈 위기,Gold+GPR+IA,0.95,GPR_custom_z,0.02825,0.01526,0.0658,182,172.9,4,HAC+IA(bw=4),0.21423255813953487,False
이벤트별,호르무즈 위기,Gold+GPR+IA,0.95,Gold_x_GPR,0.00772,0.02264,0.7336,182,172.9,4,HAC+IA(bw=4),0.9088849557522125,False
이벤트별,솔레이마니 암살,SP500+GPR+IA,0.01,SP500_z,0.0245,0.00736,0.001,339,3.4,5,HAC+IA(bw=5),0.008936170212765958,True
이벤트별,솔레이마니 암살,SP500+GPR+IA,0.01,GPR_custom_z,-0.02336,0.02446,0.3402,339,3.4,5,HAC+IA(bw=5),0.6160588235294118,False
이벤트별,솔레이마니 암살,SP500+GPR+IA,0.01,SP500_x_GPR,0.00931,0.00517,0.0725,339,3.4,5,HAC+IA(bw=5),0.23068181818181818,False
이벤트별,솔레이마니 암살,SP500+GPR+IA,0.025,SP500_z,0.02095,0.00608,0.0006,339,8.5,5,HAC+IA(bw=5),0.0057272727272727275,True
이벤트별,솔레이마니 암살,SP500+GPR+IA,0.025,GPR_custom_z,-0.03993,0.02827,0.1588,339,8.5,5,HAC+IA(bw=5),0.39003508771929823,False
이벤트별,솔레이마니 암살,SP500+GPR+IA,0.025,SP500_x_GPR,0.01163,0.00484,0.0168,339,8.5,5,HAC+IA(bw=5),0.0806590909090909,False
이벤트별,솔레이마니 암살,SP500+GPR+IA,0.05,SP500_z,0.01415,0.00282,0.0,339,16.9,5,HAC+IA(bw=5),0.0,True
이벤트별,솔레이마니 암살,SP500+GPR+IA,0.05,GPR_custom_z,-0.00187,0.00907,0.8368,339,16.9,5,HAC+IA(bw=5),0.9498031914893617,False
이벤트별,솔레이마니 암살,SP500+GPR+IA,0.05,SP500_x_GPR,0.00723,0.0056,0.1978,339,16.9,5,HAC+IA(bw=5),0.45646153846153853,False
이벤트별,솔레이마니 암살,SP500+GPR+IA,0.1,SP500_z,0.01204,0.0022,0.0,339,33.9,5,HAC+IA(bw=5),0.0,True
이벤트별,솔레이마니 암살,SP500+GPR+IA,0.1,GPR_custom_z,-0.00375,0.00825,0.6498,339,33.9,5,HAC+IA(bw=5),0.8699617834394905,False
이벤트별,솔레이마니 암살,SP500+GPR+IA,0.1,SP500_x_GPR,0.00765,0.0061,0.2108,339,33.9,5,HAC+IA(bw=5),0.4685625,False
이벤트별,솔레이마니 암살,SP500+GPR+IA,0.2,SP500_z,0.00903,0.00202,0.0,339,67.8,5,HAC+IA(bw=5),0.0,True
이벤트별,솔레이마니 암살,SP500+GPR+IA,0.2,GPR_custom_z,-0.00425,0.00629,0.4995,339,67.8,5,HAC+IA(bw=5),0.7811070110701107,False
이벤트별,솔레이마니 암살,SP500+GPR+IA,0.2,SP500_x_GPR,0.00561,0.00822,0.4951,339,67.8,5,HAC+IA(bw=5),0.7811070110701107,False
이벤트별,솔레이마니 암살,SP500+GPR+IA,0.25,SP500_z,0.00844,0.00225,0.0002,339,84.8,5,HAC+IA(bw=5),0.002048780487804878,True
이벤트별,솔레이마니 암살,SP500+GPR+IA,0.25,GPR_custom_z,-0.00214,0.005,0.6684,339,84.8,5,HAC+IA(bw=5),0.8827924528301887,False
이벤트별,솔레이마니 암살,SP500+GPR+IA,0.25,SP500_x_GPR,0.00453,0.00904,0.6167,339,84.8,5,HAC+IA(bw=5),0.851704918032787,False
이벤트별,솔레이마니 암살,SP500+GPR+IA,0.5,SP500_z,0.00663,0.00334,0.0479,339,169.5,5,HAC+IA(bw=5),0.1748793103448276,False
이벤트별,솔레이마니 암살,SP500+GPR+IA,0.5,GPR_custom_z,-0.00108,0.00323,0.7376,339,169.5,5,HAC+IA(bw=5),0.9111529411764707,False
이벤트별,솔레이마니 암살,SP500+GPR+IA,0.5,SP500_x_GPR,0.00094,0.01168,0.9361,339,169.5,5,HAC+IA(bw=5),0.9731732673267327,False
이벤트별,솔레이마니 암살,SP500+GPR+IA,0.75,SP500_z,0.00647,0.00334,0.0535,339,254.2,5,HAC+IA(bw=5),0.1870909090909091,False
이벤트별,솔레이마니 암살,SP500+GPR+IA,0.75,GPR_custom_z,0.0053,0.00351,0.1316,339,254.2,5,HAC+IA(bw=5),0.33954216867469883,False
이벤트별,솔레이마니 암살,SP500+GPR+IA,0.75,SP500_x_GPR,0.00319,0.01095,0.771,339,254.2,5,HAC+IA(bw=5),0.9148644067796611,False
이벤트별,솔레이마니 암살,SP500+GPR+IA,0.9,SP500_z,0.00687,0.00401,0.0872,339,305.1,5,HAC+IA(bw=5),0.26569565217391306,False
이벤트별,솔레이마니 암살,SP500+GPR+IA,0.9,GPR_custom_z,0.00234,0.00516,0.6504,339,305.1,5,HAC+IA(bw=5),0.8699617834394905,False
이벤트별,솔레이마니 암살,SP500+GPR+IA,0.9,SP500_x_GPR,0.00158,0.01194,0.895,339,305.1,5,HAC+IA(bw=5),0.9719536082474227,False
이벤트별,솔레이마니 암살,SP500+GPR+IA,0.95,SP500_z,0.01157,0.00477,0.0159,339,322.1,5,HAC+IA(bw=5),0.07905882352941176,False
이벤트별,솔레이마니 암살,SP500+GPR+IA,0.95,GPR_custom_z,0.00296,0.00828,0.7206,339,322.1,5,HAC+IA(bw=5),0.9064792899408285,False
이벤트별,솔레이마니 암살,SP500+GPR+IA,0.95,SP500_x_GPR,-0.00483,0.01393,0.7291,339,322.1,5,HAC+IA(bw=5),0.9064792899408285,False
이벤트별,솔레이마니 암살,Gold+GPR+IA,0.01,Gold_z,0.02241,0.01135,0.0491,339,3.4,5,HAC+IA(bw=5),0.17547457627118643,False
이벤트별,솔레이마니 암살,Gold+GPR+IA,0.01,GPR_custom_z,-0.03746,0.03152,0.2354,339,3.4,5,HAC+IA(bw=5),0.5018680203045685,False
이벤트별,솔레이마니 암살,Gold+GPR+IA,0.01,Gold_x_GPR,0.04642,0.02055,0.0245,339,3.4,5,HAC+IA(bw=5),0.1127608695652174,False
이벤트별,솔레이마니 암살,Gold+GPR+IA,0.025,Gold_z,0.02849,0.01113,0.0109,339,8.5,5,HAC+IA(bw=5),0.058692307692307696,False
이벤트별,솔레이마니 암살,Gold+GPR+IA,0.025,GPR_custom_z,-0.04331,0.03111,0.1648,339,8.5,5,HAC+IA(bw=5),0.40241860465116275,False
이벤트별,솔레이마니 암살,Gold+GPR+IA,0.025,Gold_x_GPR,0.04595,0.02074,0.0274,339,8.5,5,HAC+IA(bw=5),0.11863917525773197,False
이벤트별,솔레이마니 암살,Gold+GPR+IA,0.05,Gold_z,0.01809,0.0056,0.0014,339,16.9,5,HAC+IA(bw=5),0.01109433962264151,True
이벤트별,솔레이마니 암살,Gold+GPR+IA,0.05,GPR_custom_z,-0.02107,0.01639,0.1994,339,16.9,5,HAC+IA(bw=5),0.457639344262295,False
이벤트별,솔레이마니 암살,Gold+GPR+IA,0.05,Gold_x_GPR,0.02556,0.01008,0.0117,339,16.9,5,HAC+IA(bw=5),0.061424999999999993,False
이벤트별,솔레이마니 암살,Gold+GPR+IA,0.1,Gold_z,0.01457,0.00344,0.0,339,33.9,5,HAC+IA(bw=5),0.0,True
이벤트별,솔레이마니 암살,Gold+GPR+IA,0.1,GPR_custom_z,-0.00729,0.009,0.4183,339,33.9,5,HAC+IA(bw=5),0.7084112903225807,False
이벤트별,솔레이마니 암살,Gold+GPR+IA,0.1,Gold_x_GPR,0.01368,0.00524,0.0094,339,33.9,5,HAC+IA(bw=5),0.051272727272727275,False
이벤트별,솔레이마니 암살,Gold+GPR+IA,0.2,Gold_z,0.01053,0.00254,0.0,339,67.8,5,HAC+IA(bw=5),0.0,True
이벤트별,솔레이마니 암살,Gold+GPR+IA,0.2,GPR_custom_z,-0.00239,0.00512,0.6405,339,67.8,5,HAC+IA(bw=5),0.8649839228295819,False
이벤트별,솔레이마니 암살,Gold+GPR+IA,0.2,Gold_x_GPR,0.00828,0.00394,0.0362,339,67.8,5,HAC+IA(bw=5),0.1461923076923077,False
이벤트별,솔레이마니 암살,Gold+GPR+IA,0.25,Gold_z,0.00946,0.00247,0.0002,339,84.8,5,HAC+IA(bw=5),0.002048780487804878,True
이벤트별,솔레이마니 암살,Gold+GPR+IA,0.25,GPR_custom_z,-0.00294,0.0048,0.54,339,84.8,5,HAC+IA(bw=5),0.8158273381294965,False
이벤트별,솔레이마니 암살,Gold+GPR+IA,0.25,Gold_x_GPR,0.00823,0.004,0.0404,339,84.8,5,HAC+IA(bw=5),0.1575,False
이벤트별,솔레이마니 암살,Gold+GPR+IA,0.5,Gold_z,0.00821,0.00271,0.0027,339,169.5,5,HAC+IA(bw=5),0.02025,True
이벤트별,솔레이마니 암살,Gold+GPR+IA,0.5,GPR_custom_z,0.00163,0.00269,0.5466,339,169.5,5,HAC+IA(bw=5),0.816982206405694,False
이벤트별,솔레이마니 암살,Gold+GPR+IA,0.5,Gold_x_GPR,0.00322,0.00475,0.4972,339,169.5,5,HAC+IA(bw=5),0.7811070110701107,False
이벤트별,솔레이마니 암살,Gold+GPR+IA,0.75,Gold_z,0.0068,0.00329,0.0391,339,254.2,5,HAC+IA(bw=5),0.1549245283018868,False
이벤트별,솔레이마니 암살,Gold+GPR+IA,0.75,GPR_custom_z,0.0027,0.00327,0.4101,339,254.2,5,HAC+IA(bw=5),0.7030285714285716,False
이벤트별,솔레이마니 암살,Gold+GPR+IA,0.75,Gold_x_GPR,0.00058,0.0059,0.9217,339,254.2,5,HAC+IA(bw=5),0.9731732673267327,False
이벤트별,솔레이마니 암살,Gold+GPR+IA,0.9,Gold_z,0.00191,0.00538,0.7235,339,305.1,5,HAC+IA(bw=5),0.9064792899408285,False
이벤트별,솔레이마니 암살,Gold+GPR+IA,0.9,GPR_custom_z,0.00888,0.00826,0.283,339,305.1,5,HAC+IA(bw=5),0.566,False
이벤트별,솔레이마니 암살,Gold+GPR+IA,0.9,Gold_x_GPR,-0.00689,0.00974,0.4797,339,305.1,5,HAC+IA(bw=5),0.7797461538461539,False
이벤트별,솔레이마니 암살,Gold+GPR+IA,0.95,Gold_z,0.00603,0.006,0.3162,339,322.1,5,HAC+IA(bw=5),0.6036545454545454,False
이벤트별,솔레이마니 암살,Gold+GPR+IA,0.95,GPR_custom_z,0.00926,0.01036,0.3722,339,322.1,5,HAC+IA(bw=5),0.65135,False
이벤트별,솔레이마니 암살,Gold+GPR+IA,0.95,Gold_x_GPR,-0.01007,0.01069,0.3468,339,322.1,5,HAC+IA(bw=5),0.6160588235294118,False
이벤트별,러-우 전쟁,SP500+GPR+IA,0.01,SP500_z,0.04756,0.0068,0.0,475,4.8,5,HAC+IA(bw=5),0.0,True
이벤트별,러-우 전쟁,SP500+GPR+IA,0.01,GPR_custom_z,0.01854,0.01019,0.0695,475,4.8,5,HAC+IA(bw=5),0.22282442748091605,False
이벤트별,러-우 전쟁,SP500+GPR+IA,0.01,SP500_x_GPR,-0.00526,0.00509,0.3018,475,4.8,5,HAC+IA(bw=5),0.5883888888888889,False
이벤트별,러-우 전쟁,SP500+GPR+IA,0.025,SP500_z,0.03955,0.00503,0.0,475,11.9,5,HAC+IA(bw=5),0.0,True
이벤트별,러-우 전쟁,SP500+GPR+IA,0.025,GPR_custom_z,0.00791,0.00839,0.3461,475,11.9,5,HAC+IA(bw=5),0.6160588235294118,False
이벤트별,러-우 전쟁,SP500+GPR+IA,0.025,SP500_x_GPR,-0.00216,0.0042,0.6077,475,11.9,5,HAC+IA(bw=5),0.851704918032787,False
이벤트별,러-우 전쟁,SP500+GPR+IA,0.05,SP500_z,0.03172,0.00379,0.0,475,23.8,5,HAC+IA(bw=5),0.0,True
이벤트별,러-우 전쟁,SP500+GPR+IA,0.05,GPR_custom_z,0.00327,0.00711,0.6453,475,23.8,5,HAC+IA(bw=5),0.8686730769230769,False
이벤트별,러-우 전쟁,SP500+GPR+IA,0.05,SP500_x_GPR,0.00047,0.00356,0.8958,475,23.8,5,HAC+IA(bw=5),0.9719536082474227,False
이벤트별,러-우 전쟁,SP500+GPR+IA,0.1,SP500_z,0.02449,0.00275,0.0,475,47.5,5,HAC+IA(bw=5),0.0,True
이벤트별,러-우 전쟁,SP500+GPR+IA,0.1,GPR_custom_z,0.00356,0.00484,0.4626,475,47.5,5,HAC+IA(bw=5),0.758953125,False
이벤트별,러-우 전쟁,SP500+GPR+IA,0.1,SP500_x_GPR,-0.00211,0.00205,0.3056,475,47.5,5,HAC+IA(bw=5),0.5914838709677419,False
이벤트별,러-우 전쟁,SP500+GPR+IA,0.2,SP500_z,0.01759,0.00231,0.0,475,95.0,5,HAC+IA(bw=5),0.0,True
이벤트별,러-우 전쟁,SP500+GPR+IA,0.2,GPR_custom_z,0.00036,0.00313,0.9083,475,95.0,5,HAC+IA(bw=5),0.9731732673267327,False
이벤트별,러-우 전쟁,SP500+GPR+IA,0.2,SP500_x_GPR,0.00132,0.00171,0.4408,475,95.0,5,HAC+IA(bw=5),0.7288818897637797,False
이벤트별,러-우 전쟁,SP500+GPR+IA,0.25,SP500_z,0.0163,0.00235,0.0,475,118.8,5,HAC+IA(bw=5),0.0,True
이벤트별,러-우 전쟁,SP500+GPR+IA,0.25,GPR_custom_z,0.00148,0.00255,0.5611,475,118.8,5,HAC+IA(bw=5),0.8297957746478873,False
이벤트별,러-우 전쟁,SP500+GPR+IA,0.25,SP500_x_GPR,-5e-05,0.00148,0.9723,475,118.8,5,HAC+IA(bw=5),0.9918,False
이벤트별,러-우 전쟁,SP500+GPR+IA,0.5,SP500_z,0.01495,0.00251,0.0,475,237.5,5,HAC+IA(bw=5),0.0,True
이벤트별,러-우 전쟁,SP500+GPR+IA,0.5,GPR_custom_z,-0.00014,0.00158,0.9293,475,237.5,5,HAC+IA(bw=5),0.9731732673267327,False
이벤트별,러-우 전쟁,SP500+GPR+IA,0.5,SP500_x_GPR,-0.00013,0.00151,0.9292,475,237.5,5,HAC+IA(bw=5),0.9731732673267327,False
이벤트별,러-우 전쟁,SP500+GPR+IA,0.75,SP500_z,0.01822,0.00283,0.0,475,356.2,5,HAC+IA(bw=5),0.0,True
이벤트별,러-우 전쟁,SP500+GPR+IA,0.75,GPR_custom_z,-0.00297,0.00226,0.1896,475,356.2,5,HAC+IA(bw=5),0.44557541899441344,False
이벤트별,러-우 전쟁,SP500+GPR+IA,0.75,SP500_x_GPR,-0.00174,0.00178,0.3281,475,356.2,5,HAC+IA(bw=5),0.6110442477876107,False
이벤트별,러-우 전쟁,SP500+GPR+IA,0.9,SP500_z,0.01523,0.0037,0.0,475,427.5,5,HAC+IA(bw=5),0.0,True
이벤트별,러-우 전쟁,SP500+GPR+IA,0.9,GPR_custom_z,-0.0064,0.00401,0.1113,475,427.5,5,HAC+IA(bw=5),0.3095761589403973,False
이벤트별,러-우 전쟁,SP500+GPR+IA,0.9,SP500_x_GPR,5e-05,0.00233,0.9844,475,427.5,5,HAC+IA(bw=5),0.9918,False
이벤트별,러-우 전쟁,SP500+GPR+IA,0.95,SP500_z,0.0203,0.00432,0.0,475,451.2,5,HAC+IA(bw=5),0.0,True
이벤트별,러-우 전쟁,SP500+GPR+IA,0.95,GPR_custom_z,-0.00674,0.00587,0.2518,475,451.2,5,HAC+IA(bw=5),0.52878,False
이벤트별,러-우 전쟁,SP500+GPR+IA,0.95,SP500_x_GPR,-0.00226,0.00288,0.4344,475,451.2,5,HAC+IA(bw=5),0.724,False
이벤트별,러-우 전쟁,Gold+GPR+IA,0.01,Gold_z,0.02644,0.01044,0.0117,475,4.8,5,HAC+IA(bw=5),0.061424999999999993,False
이벤트별,러-우 전쟁,Gold+GPR+IA,0.01,GPR_custom_z,-0.04467,0.02515,0.0763,475,4.8,5,HAC+IA(bw=5),0.23914925373134327,False
이벤트별,러-우 전쟁,Gold+GPR+IA,0.01,Gold_x_GPR,0.04138,0.02053,0.0444,475,4.8,5,HAC+IA(bw=5),0.168,False
이벤트별,러-우 전쟁,Gold+GPR+IA,0.025,Gold_z,-0.0009,0.00639,0.888,475,11.9,5,HAC+IA(bw=5),0.9719536082474227,False
이벤트별,러-우 전쟁,Gold+GPR+IA,0.025,GPR_custom_z,-0.01284,0.01364,0.3472,475,11.9,5,HAC+IA(bw=5),0.6160588235294118,False
이벤트별,러-우 전쟁,Gold+GPR+IA,0.025,Gold_x_GPR,0.01536,0.00815,0.0601,475,11.9,5,HAC+IA(bw=5),0.197203125,False
이벤트별,러-우 전쟁,Gold+GPR+IA,0.05,Gold_z,-0.00622,0.00489,0.204,475,23.8,5,HAC+IA(bw=5),0.4610967741935484,False
이벤트별,러-우 전쟁,Gold+GPR+IA,0.05,GPR_custom_z,0.00261,0.0075,0.7285,475,23.8,5,HAC+IA(bw=5),0.9064792899408285,False
이벤트별,러-우 전쟁,Gold+GPR+IA,0.05,Gold_x_GPR,-0.00234,0.00364,0.5211,475,23.8,5,HAC+IA(bw=5),0.7958618181818181,False
이벤트별,러-우 전쟁,Gold+GPR+IA,0.1,Gold_z,-0.00029,0.00428,0.9456,475,47.5,5,HAC+IA(bw=5),0.9758034398034398,False
이벤트별,러-우 전쟁,Gold+GPR+IA,0.1,GPR_custom_z,0.00181,0.00578,0.755,475,47.5,5,HAC+IA(bw=5),0.9138328530259366,False
이벤트별,러-우 전쟁,Gold+GPR+IA,0.1,Gold_x_GPR,-0.00834,0.00393,0.0341,475,47.5,5,HAC+IA(bw=5),0.1418019801980198,False
이벤트별,러-우 전쟁,Gold+GPR+IA,0.2,Gold_z,-0.00129,0.00321,0.6872,475,95.0,5,HAC+IA(bw=5),0.8935727554179568,False
이벤트별,러-우 전쟁,Gold+GPR+IA,0.2,GPR_custom_z,6e-05,0.0036,0.9863,475,95.0,5,HAC+IA(bw=5),0.9918,False
이벤트별,러-우 전쟁,Gold+GPR+IA,0.2,Gold_x_GPR,-0.00374,0.00248,0.1333,475,95.0,5,HAC+IA(bw=5),0.33954216867469883,False
이벤트별,러-우 전쟁,Gold+GPR+IA,0.25,Gold_z,-0.0029,0.0031,0.3491,475,118.8,5,HAC+IA(bw=5),0.6160588235294118,False
이벤트별,러-우 전쟁,Gold+GPR+IA,0.25,GPR_custom_z,-0.00067,0.00341,0.8452,475,118.8,5,HAC+IA(bw=5),0.9498031914893617,False
이벤트별,러-우 전쟁,Gold+GPR+IA,0.25,Gold_x_GPR,-0.00297,0.00236,0.2101,475,118.8,5,HAC+IA(bw=5),0.4685625,False
이벤트별,러-우 전쟁,Gold+GPR+IA,0.5,Gold_z,0.00121,0.0027,0.6538,475,237.5,5,HAC+IA(bw=5),0.8705696202531646,False
이벤트별,러-우 전쟁,Gold+GPR+IA,0.5,GPR_custom_z,-0.00132,0.00197,0.504,475,237.5,5,HAC+IA(bw=5),0.7811070110701107,False
이벤트별,러-우 전쟁,Gold+GPR+IA,0.5,Gold_x_GPR,-0.00045,0.0022,0.8394,475,237.5,5,HAC+IA(bw=5),0.9498031914893617,False
이벤트별,러-우 전쟁,Gold+GPR+IA,0.75,Gold_z,0.0004,0.0029,0.891,475,356.2,5,HAC+IA(bw=5),0.9719536082474227,False
이벤트별,러-우 전쟁,Gold+GPR+IA,0.75,GPR_custom_z,-0.00338,0.00259,0.193,475,356.2,5,HAC+IA(bw=5),0.45033333333333336,False
이벤트별,러-우 전쟁,Gold+GPR+IA,0.75,Gold_x_GPR,0.0007,0.00239,0.7711,475,356.2,5,HAC+IA(bw=5),0.9148644067796611,False
이벤트별,러-우 전쟁,Gold+GPR+IA,0.9,Gold_z,-0.00178,0.00377,0.6367,475,427.5,5,HAC+IA(bw=5),0.8627612903225808,False
이벤트별,러-우 전쟁,Gold+GPR+IA,0.9,GPR_custom_z,-0.00396,0.00487,0.4161,475,427.5,5,HAC+IA(bw=5),0.7075384615384616,False
이벤트별,러-우 전쟁,Gold+GPR+IA,0.9,Gold_x_GPR,-0.00088,0.00252,0.7265,475,427.5,5,HAC+IA(bw=5),0.9064792899408285,False
이벤트별,러-우 전쟁,Gold+GPR+IA,0.95,Gold_z,-0.00138,0.0045,0.7599,475,451.2,5,HAC+IA(bw=5),0.9141880341880342,False
이벤트별,러-우 전쟁,Gold+GPR+IA,0.95,GPR_custom_z,-0.0061,0.00633,0.3355,475,451.2,5,HAC+IA(bw=5),0.6160588235294118,False
이벤트별,러-우 전쟁,Gold+GPR+IA,0.95,Gold_x_GPR,-0.00149,0.0029,0.6075,475,451.2,5,HAC+IA(bw=5),0.851704918032787,False
이벤트별,이스라엘-하마스,SP500+GPR+IA,0.01,SP500_z,0.00211,0.00714,0.7676,260,2.6,4,HAC+IA(bw=4),0.9148644067796611,False
이벤트별,이스라엘-하마스,SP500+GPR+IA,0.01,GPR_custom_z,-0.00012,0.00929,0.9893,260,2.6,4,HAC+IA(bw=4),0.9918,False
이벤트별,이스라엘-하마스,SP500+GPR+IA,0.01,SP500_x_GPR,-0.01685,0.00799,0.036,260,2.6,4,HAC+IA(bw=4),0.1461923076923077,False
이벤트별,이스라엘-하마스,SP500+GPR+IA,0.025,SP500_z,0.00282,0.00552,0.6099,260,6.5,4,HAC+IA(bw=4),0.851704918032787,False
이벤트별,이스라엘-하마스,SP500+GPR+IA,0.025,GPR_custom_z,0.00355,0.00711,0.6181,260,6.5,4,HAC+IA(bw=4),0.851704918032787,False
이벤트별,이스라엘-하마스,SP500+GPR+IA,0.025,SP500_x_GPR,-0.01043,0.00582,0.074,260,6.5,4,HAC+IA(bw=4),0.23368421052631577,False
이벤트별,이스라엘-하마스,SP500+GPR+IA,0.05,SP500_z,0.01258,0.00446,0.0052,260,13.0,4,HAC+IA(bw=4),0.03211764705882353,True
이벤트별,이스라엘-하마스,SP500+GPR+IA,0.05,GPR_custom_z,0.0023,0.00549,0.6758,260,13.0,4,HAC+IA(bw=4),0.8869874999999998,False
이벤트별,이스라엘-하마스,SP500+GPR+IA,0.05,SP500_x_GPR,-0.0106,0.00441,0.0169,260,13.0,4,HAC+IA(bw=4),0.0806590909090909,False
이벤트별,이스라엘-하마스,SP500+GPR+IA,0.1,SP500_z,0.00534,0.0033,0.1069,260,26.0,4,HAC+IA(bw=4),0.30132885906040263,False
이벤트별,이스라엘-하마스,SP500+GPR+IA,0.1,GPR_custom_z,0.00222,0.0042,0.5981,260,26.0,4,HAC+IA(bw=4),0.851704918032787,False
이벤트별,이스라엘-하마스,SP500+GPR+IA,0.1,SP500_x_GPR,-0.0056,0.00344,0.1053,260,26.0,4,HAC+IA(bw=4),0.2988243243243243,False
이벤트별,이스라엘-하마스,SP500+GPR+IA,0.2,SP500_z,0.00751,0.00256,0.0037,260,52.0,4,HAC+IA(bw=4),0.024666666666666667,True
이벤트별,이스라엘-하마스,SP500+GPR+IA,0.2,GPR_custom_z,0.00052,0.00304,0.8639,260,52.0,4,HAC+IA(bw=4),0.9594617414248022,False
이벤트별,이스라엘-하마스,SP500+GPR+IA,0.2,SP500_x_GPR,-0.00519,0.00269,0.0548,260,52.0,4,HAC+IA(bw=4),0.18865573770491806,False
이벤트별,이스라엘-하마스,SP500+GPR+IA,0.25,SP500_z,0.0065,0.00241,0.0074,260,65.0,4,HAC+IA(bw=4),0.043166666666666666,True
이벤트별,이스라엘-하마스,SP500+GPR+IA,0.25,GPR_custom_z,-7e-05,0.00281,0.9808,260,65.0,4,HAC+IA(bw=4),0.9918,False
이벤트별,이스라엘-하마스,SP500+GPR+IA,0.25,SP500_x_GPR,-0.00385,0.00255,0.1319,260,65.0,4,HAC+IA(bw=4),0.33954216867469883,False
이벤트별,이스라엘-하마스,SP500+GPR+IA,0.5,SP500_z,0.00712,0.00213,0.0009,260,130.0,4,HAC+IA(bw=4),0.008217391304347826,True
이벤트별,이스라엘-하마스,SP500+GPR+IA,0.5,GPR_custom_z,0.00063,0.00177,0.7198,260,130.0,4,HAC+IA(bw=4),0.9064792899408285,False
이벤트별,이스라엘-하마스,SP500+GPR+IA,0.5,SP500_x_GPR,-0.00426,0.0022,0.0539,260,130.0,4,HAC+IA(bw=4),0.1870909090909091,False
이벤트별,이스라엘-하마스,SP500+GPR+IA,0.75,SP500_z,0.00435,0.00282,0.1238,260,195.0,4,HAC+IA(bw=4),0.33118471337579614,False
이벤트별,이스라엘-하마스,SP500+GPR+IA,0.75,GPR_custom_z,0.00508,0.00265,0.0558,260,195.0,4,HAC+IA(bw=4),0.18933870967741934,False
이벤트별,이스라엘-하마스,SP500+GPR+IA,0.75,SP500_x_GPR,-0.00609,0.0038,0.1103,260,195.0,4,HAC+IA(bw=4),0.30884,False
이벤트별,이스라엘-하마스,SP500+GPR+IA,0.9,SP500_z,0.00128,0.00496,0.7969,260,234.0,4,HAC+IA(bw=4),0.9245801104972377,False
이벤트별,이스라엘-하마스,SP500+GPR+IA,0.9,GPR_custom_z,0.0088,0.0058,0.1301,260,234.0,4,HAC+IA(bw=4),0.33954216867469883,False
이벤트별,이스라엘-하마스,SP500+GPR+IA,0.9,SP500_x_GPR,-0.01083,0.00742,0.1455,260,234.0,4,HAC+IA(bw=4),0.36592814371257487,False
이벤트별,이스라엘-하마스,SP500+GPR+IA,0.95,SP500_z,0.00052,0.00721,0.9427,260,247.0,4,HAC+IA(bw=4),0.9752068965517241,False
이벤트별,이스라엘-하마스,SP500+GPR+IA,0.95,GPR_custom_z,0.01186,0.00915,0.1962,260,247.0,4,HAC+IA(bw=4),0.45527071823204424,False
이벤트별,이스라엘-하마스,SP500+GPR+IA,0.95,SP500_x_GPR,-0.01364,0.01069,0.2031,260,247.0,4,HAC+IA(bw=4),0.4610967741935484,False
이벤트별,이스라엘-하마스,Gold+GPR+IA,0.01,Gold_z,9e-05,0.00842,0.9917,260,2.6,4,HAC+IA(bw=4),0.9918,False
이벤트별,이스라엘-하마스,Gold+GPR+IA,0.01,GPR_custom_z,0.0012,0.00935,0.8979,260,2.6,4,HAC+IA(bw=4),0.9719536082474227,False
이벤트별,이스라엘-하마스,Gold+GPR+IA,0.01,Gold_x_GPR,0.00834,0.00667,0.2121,260,2.6,4,HAC+IA(bw=4),0.4685625,False
이벤트별,이스라엘-하마스,Gold+GPR+IA,0.025,Gold_z,-0.00399,0.00839,0.6351,260,6.5,4,HAC+IA(bw=4),0.8627612903225808,False
이벤트별,이스라엘-하마스,Gold+GPR+IA,0.025,GPR_custom_z,-0.00176,0.00903,0.8456,260,6.5,4,HAC+IA(bw=4),0.9498031914893617,False
이벤트별,이스라엘-하마스,Gold+GPR+IA,0.025,Gold_x_GPR,0.01018,0.00655,0.1215,260,6.5,4,HAC+IA(bw=4),0.32711538461538464,False
이벤트별,이스라엘-하마스,Gold+GPR+IA,0.05,Gold_z,0.0029,0.0056,0.6043,260,13.0,4,HAC+IA(bw=4),0.851704918032787,False
이벤트별,이스라엘-하마스,Gold+GPR+IA,0.05,GPR_custom_z,0.00291,0.00575,0.613,260,13.0,4,HAC+IA(bw=4),0.851704918032787,False
이벤트별,이스라엘-하마스,Gold+GPR+IA,0.05,Gold_x_GPR,-0.01307,0.00615,0.0345,260,13.0,4,HAC+IA(bw=4),0.1420588235294118,False
이벤트별,이스라엘-하마스,Gold+GPR+IA,0.1,Gold_z,0.00236,0.005,0.6368,260,26.0,4,HAC+IA(bw=4),0.8627612903225808,False
이벤트별,이스라엘-하마스,Gold+GPR+IA,0.1,GPR_custom_z,0.00451,0.00435,0.3012,260,26.0,4,HAC+IA(bw=4),0.5883888888888889,False
이벤트별,이스라엘-하마스,Gold+GPR+IA,0.1,Gold_x_GPR,-0.00563,0.00388,0.1478,260,26.0,4,HAC+IA(bw=4),0.36949999999999994,False
이벤트별,이스라엘-하마스,Gold+GPR+IA,0.2,Gold_z,0.00247,0.00438,0.5734,260,52.0,4,HAC+IA(bw=4),0.8420559440559441,False
이벤트별,이스라엘-하마스,Gold+GPR+IA,0.2,GPR_custom_z,0.00217,0.00332,0.5141,260,52.0,4,HAC+IA(bw=4),0.788036496350365,False
이벤트별,이스라엘-하마스,Gold+GPR+IA,0.2,Gold_x_GPR,-0.00315,0.00322,0.3288,260,52.0,4,HAC+IA(bw=4),0.6110442477876107,False
이벤트별,이스라엘-하마스,Gold+GPR+IA,0.25,Gold_z,0.00038,0.00433,0.9302,260,65.0,4,HAC+IA(bw=4),0.9731732673267327,False
이벤트별,이스라엘-하마스,Gold+GPR+IA,0.25,GPR_custom_z,0.00169,0.00302,0.5765,260,65.0,4,HAC+IA(bw=4),0.8436585365853658,False
이벤트별,이스라엘-하마스,Gold+GPR+IA,0.25,Gold_x_GPR,-0.00296,0.00313,0.3454,260,65.0,4,HAC+IA(bw=4),0.6160588235294118,False
이벤트별,이스라엘-하마스,Gold+GPR+IA,0.5,Gold_z,0.00311,0.0036,0.3894,260,130.0,4,HAC+IA(bw=4),0.6766859504132232,False
이벤트별,이스라엘-하마스,Gold+GPR+IA,0.5,GPR_custom_z,0.00137,0.00204,0.5027,260,130.0,4,HAC+IA(bw=4),0.7811070110701107,False
이벤트별,이스라엘-하마스,Gold+GPR+IA,0.5,Gold_x_GPR,-0.00295,0.00263,0.2631,260,130.0,4,HAC+IA(bw=4),0.5455902439024389,False
이벤트별,이스라엘-하마스,Gold+GPR+IA,0.75,Gold_z,0.00377,0.00315,0.2328,260,195.0,4,HAC+IA(bw=4),0.5014153846153846,False
이벤트별,이스라엘-하마스,Gold+GPR+IA,0.75,GPR_custom_z,0.0019,0.00229,0.408,260,195.0,4,HAC+IA(bw=4),0.702295081967213,False
이벤트별,이스라엘-하마스,Gold+GPR+IA,0.75,Gold_x_GPR,-0.00385,0.00245,0.1171,260,195.0,4,HAC+IA(bw=4),0.3214509803921568,False
이벤트별,이스라엘-하마스,Gold+GPR+IA,0.9,Gold_z,0.00054,0.00331,0.8717,260,234.0,4,HAC+IA(bw=4),0.9634578947368422,False
이벤트별,이스라엘-하마스,Gold+GPR+IA,0.9,GPR_custom_z,0.00665,0.00488,0.1737,260,234.0,4,HAC+IA(bw=4),0.4192758620689655,False
이벤트별,이스라엘-하마스,Gold+GPR+IA,0.9,Gold_x_GPR,-0.00957,0.00318,0.0029,260,234.0,4,HAC+IA(bw=4),0.021368421052631578,True
이벤트별,이스라엘-하마스,Gold+GPR+IA,0.95,Gold_z,0.00801,0.00401,0.0467,260,247.0,4,HAC+IA(bw=4),0.1748793103448276,False
이벤트별,이스라엘-하마스,Gold+GPR+IA,0.95,GPR_custom_z,0.00796,0.00721,0.2705,260,247.0,4,HAC+IA(bw=4),0.5515048543689322,False
이벤트별,이스라엘-하마스,Gold+GPR+IA,0.95,Gold_x_GPR,-0.01248,0.00385,0.0013,260,247.0,4,HAC+IA(bw=4),0.010705882352941174,True
이벤트별,이스라엘-이란 충돌,SP500+GPR+IA,0.01,SP500_z,0.0196,0.00624,0.0019,299,3.0,5,HAC+IA(bw=5),0.014777777777777779,True
이벤트별,이스라엘-이란 충돌,SP500+GPR+IA,0.01,GPR_custom_z,-0.00394,0.00831,0.6354,299,3.0,5,HAC+IA(bw=5),0.8627612903225808,False
이벤트별,이스라엘-이란 충돌,SP500+GPR+IA,0.01,SP500_x_GPR,0.00384,0.00583,0.5107,299,3.0,5,HAC+IA(bw=5),0.7856923076923078,False
이벤트별,이스라엘-이란 충돌,SP500+GPR+IA,0.025,SP500_z,0.02587,0.00546,0.0,299,7.5,5,HAC+IA(bw=5),0.0,True
이벤트별,이스라엘-이란 충돌,SP500+GPR+IA,0.025,GPR_custom_z,-0.00497,0.00672,0.4602,299,7.5,5,HAC+IA(bw=5),0.7579764705882353,False
이벤트별,이스라엘-이란 충돌,SP500+GPR+IA,0.025,SP500_x_GPR,0.00306,0.00502,0.543,299,7.5,5,HAC+IA(bw=5),0.816982206405694,False
이벤트별,이스라엘-이란 충돌,SP500+GPR+IA,0.05,SP500_z,0.0237,0.00507,0.0,299,15.0,5,HAC+IA(bw=5),0.0,True
이벤트별,이스라엘-이란 충돌,SP500+GPR+IA,0.05,GPR_custom_z,-0.00216,0.00594,0.7168,299,15.0,5,HAC+IA(bw=5),0.9064792899408285,False
이벤트별,이스라엘-이란 충돌,SP500+GPR+IA,0.05,SP500_x_GPR,-0.00042,0.00455,0.927,299,15.0,5,HAC+IA(bw=5),0.9731732673267327,False
이벤트별,이스라엘-이란 충돌,SP500+GPR+IA,0.1,SP500_z,0.0177,0.00429,0.0,299,29.9,5,HAC+IA(bw=5),0.0,True
이벤트별,이스라엘-이란 충돌,SP500+GPR+IA,0.1,GPR_custom_z,-0.00318,0.00473,0.5018,299,29.9,5,HAC+IA(bw=5),0.7811070110701107,False
이벤트별,이스라엘-이란 충돌,SP500+GPR+IA,0.1,SP500_x_GPR,-0.00141,0.0038,0.7105,299,29.9,5,HAC+IA(bw=5),0.9064792899408285,False
이벤트별,이스라엘-이란 충돌,SP500+GPR+IA,0.2,SP500_z,0.01804,0.00362,0.0,299,59.8,5,HAC+IA(bw=5),0.0,True
이벤트별,이스라엘-이란 충돌,SP500+GPR+IA,0.2,GPR_custom_z,-0.00028,0.00327,0.9307,299,59.8,5,HAC+IA(bw=5),0.9731732673267327,False
이벤트별,이스라엘-이란 충돌,SP500+GPR+IA,0.2,SP500_x_GPR,0.00197,0.00309,0.5246,299,59.8,5,HAC+IA(bw=5),0.798304347826087,False
이벤트별,이스라엘-이란 충돌,SP500+GPR+IA,0.25,SP500_z,0.01756,0.00352,0.0,299,74.8,5,HAC+IA(bw=5),0.0,True
이벤트별,이스라엘-이란 충돌,SP500+GPR+IA,0.25,GPR_custom_z,0.00012,0.00298,0.9673,299,74.8,5,HAC+IA(bw=5),0.9908926829268293,False
이벤트별,이스라엘-이란 충돌,SP500+GPR+IA,0.25,SP500_x_GPR,0.00378,0.00304,0.2142,299,74.8,5,HAC+IA(bw=5),0.4685625,False
이벤트별,이스라엘-이란 충돌,SP500+GPR+IA,0.5,SP500_z,0.0172,0.00346,0.0,299,149.5,5,HAC+IA(bw=5),0.0,True
이벤트별,이스라엘-이란 충돌,SP500+GPR+IA,0.5,GPR_custom_z,-0.00062,0.00206,0.7625,299,149.5,5,HAC+IA(bw=5),0.9141880341880342,False
이벤트별,이스라엘-이란 충돌,SP500+GPR+IA,0.5,SP500_x_GPR,-0.00139,0.00262,0.5964,299,149.5,5,HAC+IA(bw=5),0.851704918032787,False
이벤트별,이스라엘-이란 충돌,SP500+GPR+IA,0.75,SP500_z,0.01856,0.00386,0.0,299,224.2,5,HAC+IA(bw=5),0.0,True
이벤트별,이스라엘-이란 충돌,SP500+GPR+IA,0.75,GPR_custom_z,-0.00207,0.00298,0.4883,299,224.2,5,HAC+IA(bw=5),0.7811070110701107,False
이벤트별,이스라엘-이란 충돌,SP500+GPR+IA,0.75,SP500_x_GPR,-0.00162,0.00283,0.5678,299,224.2,5,HAC+IA(bw=5),0.8367578947368421,False
이벤트별,이스라엘-이란 충돌,SP500+GPR+IA,0.9,SP500_z,0.02313,0.00449,0.0,299,269.1,5,HAC+IA(bw=5),0.0,True
이벤트별,이스라엘-이란 충돌,SP500+GPR+IA,0.9,GPR_custom_z,-0.00028,0.0048,0.9538,299,269.1,5,HAC+IA(bw=5),0.9794523227383863,False
이벤트별,이스라엘-이란 충돌,SP500+GPR+IA,0.9,SP500_x_GPR,-0.00086,0.00357,0.8095,299,269.1,5,HAC+IA(bw=5),0.9340384615384616,False
이벤트별,이스라엘-이란 충돌,SP500+GPR+IA,0.95,SP500_z,0.01905,0.0059,0.0014,299,284.1,5,HAC+IA(bw=5),0.01109433962264151,True
이벤트별,이스라엘-이란 충돌,SP500+GPR+IA,0.95,GPR_custom_z,-0.00325,0.00647,0.6157,299,284.1,5,HAC+IA(bw=5),0.851704918032787,False
이벤트별,이스라엘-이란 충돌,SP500+GPR+IA,0.95,SP500_x_GPR,-0.00585,0.00469,0.2134,299,284.1,5,HAC+IA(bw=5),0.4685625,False
이벤트별,이스라엘-이란 충돌,Gold+GPR+IA,0.01,Gold_z,0.02625,0.00895,0.0036,299,3.0,5,HAC+IA(bw=5),0.02438709677419355,True
이벤트별,이스라엘-이란 충돌,Gold+GPR+IA,0.01,GPR_custom_z,-0.0083,0.01222,0.4974,299,3.0,5,HAC+IA(bw=5),0.7811070110701107,False
이벤트별,이스라엘-이란 충돌,Gold+GPR+IA,0.01,Gold_x_GPR,0.00137,0.01234,0.9114,299,3.0,5,HAC+IA(bw=5),0.9731732673267327,False
이벤트별,이스라엘-이란 충돌,Gold+GPR+IA,0.025,Gold_z,0.00172,0.00549,0.7546,299,7.5,5,HAC+IA(bw=5),0.9138328530259366,False
이벤트별,이스라엘-이란 충돌,Gold+GPR+IA,0.025,GPR_custom_z,-0.00278,0.00779,0.721,299,7.5,5,HAC+IA(bw=5),0.9064792899408285,False
이벤트별,이스라엘-이란 충돌,Gold+GPR+IA,0.025,Gold_x_GPR,-0.00287,0.00829,0.7295,299,7.5,5,HAC+IA(bw=5),0.9064792899408285,False
이벤트별,이스라엘-이란 충돌,Gold+GPR+IA,0.05,Gold_z,0.00165,0.005,0.7409,299,15.0,5,HAC+IA(bw=5),0.9116326530612244,False
이벤트별,이스라엘-이란 충돌,Gold+GPR+IA,0.05,GPR_custom_z,-0.00153,0.00673,0.8197,299,15.0,5,HAC+IA(bw=5),0.9417868852459017,False
이벤트별,이스라엘-이란 충돌,Gold+GPR+IA,0.05,Gold_x_GPR,-0.00206,0.00779,0.7918,299,15.0,5,HAC+IA(bw=5),0.9245801104972377,False
이벤트별,이스라엘-이란 충돌,Gold+GPR+IA,0.1,Gold_z,0.00284,0.0042,0.4988,299,29.9,5,HAC+IA(bw=5),0.7811070110701107,False
이벤트별,이스라엘-이란 충돌,Gold+GPR+IA,0.1,GPR_custom_z,-0.00122,0.00501,0.8078,299,29.9,5,HAC+IA(bw=5),0.9340384615384616,False
이벤트별,이스라엘-이란 충돌,Gold+GPR+IA,0.1,Gold_x_GPR,-0.00149,0.00711,0.8346,299,29.9,5,HAC+IA(bw=5),0.9498031914893617,False
이벤트별,이스라엘-이란 충돌,Gold+GPR+IA,0.2,Gold_z,0.00308,0.00358,0.3899,299,59.8,5,HAC+IA(bw=5),0.6766859504132232,False
이벤트별,이스라엘-이란 충돌,Gold+GPR+IA,0.2,GPR_custom_z,-6e-05,0.00358,0.9871,299,59.8,5,HAC+IA(bw=5),0.9918,False
이벤트별,이스라엘-이란 충돌,Gold+GPR+IA,0.2,Gold_x_GPR,-0.0035,0.00686,0.6097,299,59.8,5,HAC+IA(bw=5),0.851704918032787,False
이벤트별,이스라엘-이란 충돌,Gold+GPR+IA,0.25,Gold_z,0.0052,0.00345,0.1332,299,74.8,5,HAC+IA(bw=5),0.33954216867469883,False
이벤트별,이스라엘-이란 충돌,Gold+GPR+IA,0.25,GPR_custom_z,-0.0001,0.00321,0.974,299,74.8,5,HAC+IA(bw=5),0.9918,False
이벤트별,이스라엘-이란 충돌,Gold+GPR+IA,0.25,Gold_x_GPR,-0.00113,0.0066,0.8646,299,74.8,5,HAC+IA(bw=5),0.9594617414248022,False
이벤트별,이스라엘-이란 충돌,Gold+GPR+IA,0.5,Gold_z,0.00642,0.00313,0.0412,299,149.5,5,HAC+IA(bw=5),0.15875229357798165,False
이벤트별,이스라엘-이란 충돌,Gold+GPR+IA,0.5,GPR_custom_z,0.00063,0.00244,0.7957,299,149.5,5,HAC+IA(bw=5),0.9245801104972377,False
이벤트별,이스라엘-이란 충돌,Gold+GPR+IA,0.5,Gold_x_GPR,0.00073,0.00604,0.904,299,149.5,5,HAC+IA(bw=5),0.9731732673267327,False
이벤트별,이스라엘-이란 충돌,Gold+GPR+IA,0.75,Gold_z,0.00192,0.00317,0.5459,299,224.2,5,HAC+IA(bw=5),0.816982206405694,False
이벤트별,이스라엘-이란 충돌,Gold+GPR+IA,0.75,GPR_custom_z,-0.0017,0.0032,0.5963,299,224.2,5,HAC+IA(bw=5),0.851704918032787,False
이벤트별,이스라엘-이란 충돌,Gold+GPR+IA,0.75,Gold_x_GPR,0.00266,0.00481,0.5808,299,224.2,5,HAC+IA(bw=5),0.847,False
이벤트별,이스라엘-이란 충돌,Gold+GPR+IA,0.9,Gold_z,-0.0007,0.00415,0.8658,299,269.1,5,HAC+IA(bw=5),0.9594617414248022,False
이벤트별,이스라엘-이란 충돌,Gold+GPR+IA,0.9,GPR_custom_z,-0.00073,0.00554,0.8955,299,269.1,5,HAC+IA(bw=5),0.9719536082474227,False
이벤트별,이스라엘-이란 충돌,Gold+GPR+IA,0.9,Gold_x_GPR,0.00979,0.00476,0.0405,299,269.1,5,HAC+IA(bw=5),0.1575,False
이벤트별,이스라엘-이란 충돌,Gold+GPR+IA,0.95,Gold_z,-0.00493,0.00525,0.348,299,284.1,5,HAC+IA(bw=5),0.6160588235294118,False
이벤트별,이스라엘-이란 충돌,Gold+GPR+IA,0.95,GPR_custom_z,-0.00261,0.00744,0.7259,299,284.1,5,HAC+IA(bw=5),0.9064792899408285,False
이벤트별,이스라엘-이란 충돌,Gold+GPR+IA,0.95,Gold_x_GPR,0.01368,0.00552,0.0138,299,284.1,5,HAC+IA(bw=5),0.0706829268292683,False
이벤트별,이란 전쟁,SP500+GPR+IA,0.01,SP500_z,0.01838,0.00688,0.0081,272,2.7,4,HAC+IA(bw=4),0.04597297297297297,True
이벤트별,이란 전쟁,SP500+GPR+IA,0.01,GPR_custom_z,0.01311,0.00587,0.0264,272,2.7,4,HAC+IA(bw=4),0.1167157894736842,False
이벤트별,이란 전쟁,SP500+GPR+IA,0.01,SP500_x_GPR,-0.00387,0.0039,0.3224,272,2.7,4,HAC+IA(bw=4),0.6072107623318387,False
이벤트별,이란 전쟁,SP500+GPR+IA,0.025,SP500_z,0.01619,0.00558,0.004,272,6.8,4,HAC+IA(bw=4),0.025454545454545452,True
이벤트별,이란 전쟁,SP500+GPR+IA,0.025,GPR_custom_z,0.00644,0.00481,0.1815,272,6.8,4,HAC+IA(bw=4),0.43312500000000004,False
이벤트별,이란 전쟁,SP500+GPR+IA,0.025,SP500_x_GPR,-0.00303,0.00327,0.356,272,6.8,4,HAC+IA(bw=4),0.6256066945606694,False
이벤트별,이란 전쟁,SP500+GPR+IA,0.05,SP500_z,0.01507,0.00507,0.0032,272,13.6,4,HAC+IA(bw=4),0.022779661016949154,True
이벤트별,이란 전쟁,SP500+GPR+IA,0.05,GPR_custom_z,0.00504,0.00423,0.2346,272,13.6,4,HAC+IA(bw=4),0.5018680203045685,False
이벤트별,이란 전쟁,SP500+GPR+IA,0.05,SP500_x_GPR,-0.00332,0.00302,0.2728,272,13.6,4,HAC+IA(bw=4),0.5535072463768116,False
이벤트별,이란 전쟁,SP500+GPR+IA,0.1,SP500_z,0.01676,0.00486,0.0006,272,27.2,4,HAC+IA(bw=4),0.0057272727272727275,True
이벤트별,이란 전쟁,SP500+GPR+IA,0.1,GPR_custom_z,0.00517,0.00312,0.099,272,27.2,4,HAC+IA(bw=4),0.2896551724137931,False
이벤트별,이란 전쟁,SP500+GPR+IA,0.1,SP500_x_GPR,-0.00022,0.00258,0.9331,272,27.2,4,HAC+IA(bw=4),0.9731732673267327,False
이벤트별,이란 전쟁,SP500+GPR+IA,0.2,SP500_z,0.01463,0.00388,0.0002,272,54.4,4,HAC+IA(bw=4),0.002048780487804878,True
이벤트별,이란 전쟁,SP500+GPR+IA,0.2,GPR_custom_z,0.00246,0.00246,0.3182,272,54.4,4,HAC+IA(bw=4),0.6047239819004525,False
이벤트별,이란 전쟁,SP500+GPR+IA,0.2,SP500_x_GPR,0.0009,0.00227,0.6931,272,54.4,4,HAC+IA(bw=4),0.898462962962963,False
이벤트별,이란 전쟁,SP500+GPR+IA,0.25,SP500_z,0.0138,0.00357,0.0001,272,68.0,4,HAC+IA(bw=4),0.0012000000000000001,True
이벤트별,이란 전쟁,SP500+GPR+IA,0.25,GPR_custom_z,0.00181,0.00233,0.4373,272,68.0,4,HAC+IA(bw=4),0.7259525691699604,False
이벤트별,이란 전쟁,SP500+GPR+IA,0.25,SP500_x_GPR,0.00152,0.00221,0.494,272,68.0,4,HAC+IA(bw=4),0.7811070110701107,False
이벤트별,이란 전쟁,SP500+GPR+IA,0.5,SP500_z,0.01255,0.00327,0.0002,272,136.0,4,HAC+IA(bw=4),0.002048780487804878,True
이벤트별,이란 전쟁,SP500+GPR+IA,0.5,GPR_custom_z,0.00275,0.00116,0.0188,272,136.0,4,HAC+IA(bw=4),0.0887191011235955,False
이벤트별,이란 전쟁,SP500+GPR+IA,0.5,SP500_x_GPR,-0.00244,0.00236,0.3026,272,136.0,4,HAC+IA(bw=4),0.5883888888888889,False
이벤트별,이란 전쟁,SP500+GPR+IA,0.75,SP500_z,0.00998,0.00251,0.0001,272,204.0,4,HAC+IA(bw=4),0.0012000000000000001,True
이벤트별,이란 전쟁,SP500+GPR+IA,0.75,GPR_custom_z,0.00103,0.002,0.6055,272,204.0,4,HAC+IA(bw=4),0.851704918032787,False
이벤트별,이란 전쟁,SP500+GPR+IA,0.75,SP500_x_GPR,0.00021,0.0027,0.9395,272,204.0,4,HAC+IA(bw=4),0.9742962962962962,False
이벤트별,이란 전쟁,SP500+GPR+IA,0.9,SP500_z,0.00955,0.00288,0.0011,272,244.8,4,HAC+IA(bw=4),0.009625,True
이벤트별,이란 전쟁,SP500+GPR+IA,0.9,GPR_custom_z,0.00313,0.00383,0.4144,272,244.8,4,HAC+IA(bw=4),0.7075121951219512,False
이벤트별,이란 전쟁,SP500+GPR+IA,0.9,SP500_x_GPR,0.00593,0.00417,0.156,272,244.8,4,HAC+IA(bw=4),0.38541176470588234,False
이벤트별,이란 전쟁,SP500+GPR+IA,0.95,SP500_z,0.0086,0.00319,0.0074,272,258.4,4,HAC+IA(bw=4),0.043166666666666666,True
이벤트별,이란 전쟁,SP500+GPR+IA,0.95,GPR_custom_z,0.00128,0.00477,0.7881,272,258.4,4,HAC+IA(bw=4),0.9245801104972377,False
이벤트별,이란 전쟁,SP500+GPR+IA,0.95,SP500_x_GPR,0.00548,0.00455,0.2296,272,258.4,4,HAC+IA(bw=4),0.49707216494845363,False
이벤트별,이란 전쟁,Gold+GPR+IA,0.01,Gold_z,-0.001,0.00236,0.6706,272,2.7,4,HAC+IA(bw=4),0.8829216300940439,False
이벤트별,이란 전쟁,Gold+GPR+IA,0.01,GPR_custom_z,0.0122,0.00668,0.0689,272,2.7,4,HAC+IA(bw=4),0.22260000000000002,False
이벤트별,이란 전쟁,Gold+GPR+IA,0.01,Gold_x_GPR,-0.00041,0.0018,0.8207,272,2.7,4,HAC+IA(bw=4),0.9417868852459017,False
이벤트별,이란 전쟁,Gold+GPR+IA,0.025,Gold_z,0.00209,0.00218,0.3377,272,6.8,4,HAC+IA(bw=4),0.6160588235294118,False
이벤트별,이란 전쟁,Gold+GPR+IA,0.025,GPR_custom_z,0.00686,0.0058,0.2381,272,6.8,4,HAC+IA(bw=4),0.5050606060606061,False
이벤트별,이란 전쟁,Gold+GPR+IA,0.025,Gold_x_GPR,-0.00155,0.00154,0.3133,272,6.8,4,HAC+IA(bw=4),0.6023835616438356,False
이벤트별,이란 전쟁,Gold+GPR+IA,0.05,Gold_z,0.00079,0.00177,0.655,272,13.6,4,HAC+IA(bw=4),0.8705696202531646,False
이벤트별,이란 전쟁,Gold+GPR+IA,0.05,GPR_custom_z,0.007,0.00485,0.1495,272,13.6,4,HAC+IA(bw=4),0.37153846153846154,False
이벤트별,이란 전쟁,Gold+GPR+IA,0.05,Gold_x_GPR,0.00029,0.00131,0.8276,272,13.6,4,HAC+IA(bw=4),0.9471171662125341,False
이벤트별,이란 전쟁,Gold+GPR+IA,0.1,Gold_z,-0.00015,0.00144,0.9165,272,27.2,4,HAC+IA(bw=4),0.9731732673267327,False
이벤트별,이란 전쟁,Gold+GPR+IA,0.1,GPR_custom_z,0.00403,0.00383,0.2935,272,27.2,4,HAC+IA(bw=4),0.5814622641509434,False
이벤트별,이란 전쟁,Gold+GPR+IA,0.1,Gold_x_GPR,0.00194,0.00119,0.1047,272,27.2,4,HAC+IA(bw=4),0.2988243243243243,False
이벤트별,이란 전쟁,Gold+GPR+IA,0.2,Gold_z,-0.0012,0.00126,0.3451,272,54.4,4,HAC+IA(bw=4),0.6160588235294118,False
이벤트별,이란 전쟁,Gold+GPR+IA,0.2,GPR_custom_z,0.0043,0.00251,0.0881,272,54.4,4,HAC+IA(bw=4),0.2662014388489209,False
이벤트별,이란 전쟁,Gold+GPR+IA,0.2,Gold_x_GPR,0.00121,0.00088,0.1685,272,54.4,4,HAC+IA(bw=4),0.40907514450867055,False
이벤트별,이란 전쟁,Gold+GPR+IA,0.25,Gold_z,-0.00035,0.00113,0.7581,272,68.0,4,HAC+IA(bw=4),0.9141880341880342,False
이벤트별,이란 전쟁,Gold+GPR+IA,0.25,GPR_custom_z,0.00448,0.002,0.0264,272,68.0,4,HAC+IA(bw=4),0.1167157894736842,False
이벤트별,이란 전쟁,Gold+GPR+IA,0.25,Gold_x_GPR,0.00127,0.00077,0.0998,272,68.0,4,HAC+IA(bw=4),0.2896551724137931,False
이벤트별,이란 전쟁,Gold+GPR+IA,0.5,Gold_z,0.00131,0.00099,0.1875,272,136.0,4,HAC+IA(bw=4),0.4449152542372881,False
이벤트별,이란 전쟁,Gold+GPR+IA,0.5,GPR_custom_z,0.0036,0.00132,0.007,272,136.0,4,HAC+IA(bw=4),0.042608695652173914,True
이벤트별,이란 전쟁,Gold+GPR+IA,0.5,Gold_x_GPR,0.00128,0.00068,0.0584,272,136.0,4,HAC+IA(bw=4),0.19313385826771653,False
이벤트별,이란 전쟁,Gold+GPR+IA,0.75,Gold_z,0.00211,0.0011,0.0571,272,204.0,4,HAC+IA(bw=4),0.19033333333333333,False
이벤트별,이란 전쟁,Gold+GPR+IA,0.75,GPR_custom_z,0.00019,0.00197,0.9227,272,204.0,4,HAC+IA(bw=4),0.9731732673267327,False
이벤트별,이란 전쟁,Gold+GPR+IA,0.75,Gold_x_GPR,0.00109,0.00081,0.1794,272,204.0,4,HAC+IA(bw=4),0.43056,False
이벤트별,이란 전쟁,Gold+GPR+IA,0.9,Gold_z,0.00361,0.00145,0.0132,272,244.8,4,HAC+IA(bw=4),0.06844444444444443,False
이벤트별,이란 전쟁,Gold+GPR+IA,0.9,GPR_custom_z,0.00028,0.00353,0.9358,272,244.8,4,HAC+IA(bw=4),0.9731732673267327,False
이벤트별,이란 전쟁,Gold+GPR+IA,0.9,Gold_x_GPR,0.00192,0.00117,0.1,272,244.8,4,HAC+IA(bw=4),0.2896551724137931,False
이벤트별,이란 전쟁,Gold+GPR+IA,0.95,Gold_z,0.00184,0.00178,0.3018,272,258.4,4,HAC+IA(bw=4),0.5883888888888889,False
이벤트별,이란 전쟁,Gold+GPR+IA,0.95,GPR_custom_z,0.00254,0.00509,0.6185,272,258.4,4,HAC+IA(bw=4),0.851704918032787,False
이벤트별,이란 전쟁,Gold+GPR+IA,0.95,Gold_x_GPR,-0.00158,0.00224,0.4819,272,258.4,4,HAC+IA(bw=4),0.7797461538461539,False
